,0
0,9759091062
1,9790790961
2,9790794231
3,B00004U9UY
4,B000052XW5
5,B000052Y25
6,B000052Y5F
7,B000052Y6Z
8,B000052YJD
9,B000052Z8D
10,B000052ZB2
11,B000052ZBH
12,B000052ZTY
13,B00005302B
14,B0000530LP
15,B0000532VT
16,B0000533CC
17,B0000535CH
18,B0000535UA
19,B0000535VH
20,B00005R1H2
21,B00005R1H3
22,B00005S81T
23,B00005V5OU
24,B00006IGL3
25,B00006IGL8
26,B000087L6T
27,B00008BNZ4
28,B00008ZPGA
29,B000093A0U
30,B0000950LF
31,B0000CC64W
32,B0000CNR0J
33,B0000Y3C3I
34,B0000Y3COC
35,B0000Y3CRY
36,B0000Y3CSI
37,B0000Y3FRG
38,B0000YV83O
39,B00011JTFA
40,B00011QVUG
41,B00012NEYG
42,B000136P7S
43,B00013TQRE
44,B00013Z15A
45,B000141O6E
46,B000142PUS
47,B0001432S2
48,B0001433VI
49,B00014DTY4
50,B00014DZ2K
51,B00014GTWS
52,B00014WW38
53,B00016QYOO
54,B00016WSIK
55,B00016WUEW
56,B00016WW8Q
57,B00016X68Q
58,B000195GAY
59,B000196U04
60,B0001AGMWE
61,B0001EKYL0
62,B0001EL5R2
63,B0001FF80G
64,B0001MC06Y
65,B0001TOH8G
66,B0001VOJWI
67,B0001XKA38
68,B0001XLSQ6
69,B0001XLSR0
70,B0001Y74VS
71,B0001YXXUY
72,B0001ZA4CS
73,B0001ZYLAO
74,B00021AK4I
75,B00021AM9G
76,B00021AYF8
77,B00021B8L2
78,B00021BEXY
79,B00021C1LI
80,B00021CNCK
81,B00021CT10
82,B00021D5FY
83,B00021DTEG
84,B00021DUM2
85,B00021DVCQ
86,B00021DZCC
87,B000225ZL0
88,B000225ZOC
89,B0002260DW
90,B0002260L4
91,B0002260N2
92,B00023KDAW
93,B000248HLI
94,B000260KIO
95,B000277N7Y
96,B00027CDYM
97,B00027CGWQ
98,B00028OC4K
99,B00028OTNY
100,B0002B0R14
101,B0002BB3YO
102,B0002DLEJG
103,B0002DPG1I
104,B0002E4WOO
105,B0002JNRCC
106,B0002NIAC0
107,B0002Q8W9I
108,B0002QB1SC
109,B0002RPTX4
110,B0002SGSNI
111,B0002SISY0
112,B0002SQ6YO
113,B0002TSCZY
114,B0002UEDWE
115,B0002VHBTU
116,B0002VQ0WO
117,B0002X9038
118,B0002YFQ6W
119,B0002YLY9K
120,B0002Z0U5I
121,B0002Z1JJ4
122,B0002Z8HAI
123,B0002Z8MLC
124,B0002Z8NJS
125,B0002Z8OUG
126,B0002Z8QHW
127,B0002Z8SE8
128,B0002Z8SZW
129,B000629ZHG
130,B00062ADJA
131,B0006433MM
132,B00065AFFE
133,B00066LD7C
134,B000674XN2
135,B00069FJUG
136,B0006B66D8
137,B0006BDMIU
138,B0006BDO5G
139,B0006BDO5Q
140,B0006BDQDG
141,B0006G2EX4
142,B0006I9YK8
143,B0006IHDQ0
144,B0006IJA5C
145,B0006IXSG4
146,B0006LNC2G
147,B0006LNMIU
148,B0006MSVCG
149,B0006N29AU
150,B0006NYDOU
151,B0006PT6TU
152,B0006Q00IK
153,B0006Q0102
154,B0006Q01EI
155,B0006Q0HEC
156,B0006Q3NTS
157,B0006SFXYY
158,B0006V7T9I
159,B0006ZHK7A
160,B00070E8IS
161,B00074XC68
162,B00076X0BS
163,B0007CIEBI
164,B0007CXXDC
165,B0007CXXDM
166,B0007CXXE6
167,B0007CXXGO
168,B0007CXXIC
169,B0007CXXJQ
170,B0007CXYP4
171,B0007D2F3K
172,B0007LE3EG
173,B0007RBYA6
174,B0007V9API
175,B0007WL21M
176,B0007X74CW
177,B0007X74E0
178,B0007X74IQ
179,B0008ENT8I
180,B0008F6ZDI
181,B0008GIZKS
182,B00092M2VO
183,B00092M386
184,B000980PGM
185,B000980PH6
186,B0009DVDTU
187,B0009EILVM
188,B0009ET5O4
189,B0009EXMB6
190,B0009EXOP0
191,B0009F3OOA
192,B0009F3OR2
193,B0009GGY96
194,B0009I4M02
195,B0009I4MCU
196,B0009I4MFW
197,B0009I4MG6
198,B0009I4MGQ
199,B0009ION0G
200,B0009M0C5W
201,B0009ML5M6
202,B0009MYMJY
203,B0009N35D2
204,B0009N5EZY
205,B0009OAGRE
206,B0009OAGSI
207,B0009OAGT2
208,B0009OAGWE
209,B0009OAGXI
210,B0009OAHEQ
211,B0009OAHNM
212,B0009OAHQY
213,B0009OAHWI
214,B0009OAI2C
215,B0009OAI3G
216,B0009OAI40
217,B0009OAIE0
218,B0009OAISG
219,B0009QJ3TE
220,B0009QZYN8
221,B0009QZYO2
222,B0009R14Q8
223,B0009R35GA
224,B0009R5AYA
225,B0009RF9OG
226,B0009RMN0E
227,B0009V1YS2
228,B0009V2S8M
229,B0009WY4UQ
230,B0009XH6V4
231,B000A3V1SW
232,B000A3ZN7M
233,B000A4094I
234,B000AA2XQ4
235,B000AA9HQ8
236,B000ALBJ40
237,B000ALCJR6
238,B000ALDK1A
239,B000ALFROS
240,B000AMA4DQ
241,B000AQF50Y
242,B000ASDGK8
243,B000AUTHEA
244,B000B82TD2
245,B000B9J3GM
246,B000BIUGSM
247,B000BIVY0G
248,B000BIXP62
249,B000BIZSYO
250,B000BK1P9E
251,B000BP81IM
252,B000BPMB2Y
253,B000BR5B2Y
254,B000BYQBT4
255,B000BZ4YB0
256,B000C1UBPG
257,B000C1UEAI
258,B000C1UF3Y
259,B000C1UFM0
260,B000C1VT3Y
261,B000C1VWTA
262,B000C1W1DG
263,B000C1W4RE
264,B000C1W4T2
265,B000C1W6TK
266,B000C1Z1UG
267,B000C1Z4V2
268,B000C1Z4WG
269,B000C1Z7PA
270,B000C1ZB8I
271,B000C1ZEY4
272,B000C1ZFBG
273,B000C2105U
274,B000C21096
275,B000C210MI
276,B000C233LO
277,B000C237HO
278,B000CC08VC
279,B000CECSAO
280,B000CED0VK
281,B000CEOQUO
282,B000CNTT9I
283,B000CONLRI
284,B000CPLV24
285,B000CRGS2A
286,B000CSH3YG
287,B000CSYYZM
288,B000E202KM
289,B000E3A6F2
290,B000E4AR8C
291,B000E7UF8G
292,B000E7WG56
293,B000E7YL1I
294,B000EBIDIQ
295,B000EGK528
296,B000EGMCFG
297,B000HGONKA
298,B000HIYE0M
299,B000HJ0ICY
300,B000HJ4INE
301,B000HJ4IPW
302,B000HLEXT6
303,B000HLPKJ8
304,B000HLRP7S
305,B000HRXCRE
306,B000HTNBB4
307,B000HVD5ZE
308,B000HZEKDG
309,B000HZW5CY
310,B000I0UDSQ
311,B000I0ZDRW
312,B000I4POL8
313,B000I5JEAO
314,B000ICRDSW
315,B000IIHDT0
316,B000IMPD3O
317,B000IO8JYM
318,B000IOJM16
319,B000IVB14A
320,B000IXXBRS
321,B000J10IJ8
322,B000JF9Q1U
323,B000JGERAO
324,B000JGKG2M
325,B000JIN0OG
326,B000JKEB38
327,B000JKPDQ2
328,B000JMB3JQ
329,B000JNRIM6
330,B000JQLNO2
331,B000JQQHSE
332,B000JQY2LI
333,B000JVTYIY
334,B000JVW9CC
335,B000K7E2G6
336,B000K7J1PI
337,B000K7JLGM
338,B000K9NZJE
339,B000KHTDM4
340,B000KJXKAS
341,B000KM3NDO
342,B000KOHRX4
343,B000KPZ7SK
344,B000KQ746W
345,B000KQ7U84
346,B000KQ9TPG
347,B000KQB1SY
348,B000KQBQTI
349,B000KQD470
350,B000L9FBTA
351,B000LEHMUQ
352,B000LGNQPY
353,B000LJBYAU
354,B000LJCNAK
355,B000LJGRG6
356,B000LOGSVU
357,B000LPJASC
358,B000LQ30AA
359,B000LW1I2Q
360,B000LXTNMW
361,B000M8BE3C
362,B000MQ6X8A
363,B000MS073K
364,B000MS07DA
365,B000MS3XW2
366,B000MS5M9O
367,B000MT1GHA
368,B000MU7GFU
369,B000MUQFTI
370,B000MUZA1W
371,B000N043DW
372,B000N2IGWY
373,B000N2LV3K
374,B000N2OC2C
375,B000N2ZYGU
376,B000N5QWCM
377,B000N8CN4U
378,B000N9IQLS
379,B000NBIRII
380,B000NBNZXK
381,B000NCYZXI
382,B000NE6PCA
383,B000NE6QP6
384,B000NFEX5K
385,B000NHZSKC
386,B000NI0WHK
387,B000NJJFBI
388,B000NJMRQS
389,B000NJMSXU
390,B000NKHICK
391,B000NLJFNY
392,B000NMHIF0
393,B000NNDNYY
394,B000NNKAFE
395,B000NQ0EHU
396,B000NRAUPK
397,B000NSIG8M
398,B000NUMRXK
399,B000NUW8W0
400,B000NY66DS
401,B000NZAIC2
402,B000NZN2V6
403,B000O03F4O
404,B000O163JM
405,B000O16ATK
406,B000O1DHL4
407,B000O1NJZ8
408,B000O2O87U
409,B000O2OWFS
410,B000O2PDKQ
411,B000O2TBEK
412,B000O2TBFE
413,B000O3BDHW
414,B000O3GQ1A
415,B000O3OZD6
416,B000O5RVJO
417,B000O5UWTA
418,B000O7CE1W
419,B000O7JNC0
420,B000O8R4CA
421,B000O9FRXW
422,B000ODM538
423,B000OFNDOQ
424,B000OO7546
425,B000OP7LTY
426,B000OQ94SY
427,B000ORLLJS
428,B000ORM4EE
429,B000OV3ZDO
430,B000OZDOCW
431,B000OZF8W6
432,B000OZI8HS
433,B000P20VAC
434,B000P24EI2
435,B000P258QE
436,B000P275TW
437,B000P279E8
438,B000P4ZOIE
439,B000P8559S
440,B000P9BR4Y
441,B000PAW9ZO
442,B000PHISKW
